[
  {
    "url": "first/",
    "title": "My Info.",
    "class": "firstActive",
    "src": "img/icon-paper.png",
    "id": 1
  },
  {
    "url": "second/",
    "title": "I need a help !",
    "class": "secondActive",
    "src": "img/icon-paper.png",
    "id": 2
  },
  {
    "url": "third/",
    "title": "Help others !",
    "class": "thirdActive",
    "src": "img/icon-paper.png",
    "id": 3
  },
  {
    "url": "fourth/",
    "title": "Nearby Places",
    "class": "thirdActive",
    "src": "img/icon-paper.png",
    "id": 4
  },
  {
    "url": "fifth/",
    "title": "Ask Doctor ?",
    "class": "thirdActive",
    "src": "img/icon-paper.png",
    "id": 5
  },
  {
    "url": "sixth/",
    "title": "FAQ",
    "class": "thirdActive",
    "src": "img/icon-paper.png",
    "id": 6
  }
]
